{
  "greedy": {
    "execution_time_seconds": 6.515135399997234,
    "fitness": 5072.0
  },
  "ga_scaling": [
    {
      "generations": 10,
      "population_size": 50,
      "execution_time_seconds": 1.9447266999923158,
      "fitness": 338782.0
    },
    {
      "generations": 50,
      "population_size": 50,
      "execution_time_seconds": 13.3757811000105,
      "fitness": 129445.4
    },
    {
      "generations": 100,
      "population_size": 50,
      "execution_time_seconds": 22.370288200007053,
      "fitness": 21817.0
    }
  ]
}