{
  "greedy": {
    "execution_time_seconds": 4.436999999990803,
    "fitness": 0.4444444444444444
  },
  "ga_scaling": [
    {
      "generations": 10,
      "population_size": 50,
      "execution_time_seconds": 2.485000000000582,
      "fitness": 135.57777777777778
    },
    {
      "generations": 50,
      "population_size": 50,
      "execution_time_seconds": 12.281000000002678,
      "fitness": 3.2444444444444445
    },
    {
      "generations": 100,
      "population_size": 50,
      "execution_time_seconds": 21.0,
      "fitness": 2.7111111111111112
    }
  ]
}